Emails,Reference Designator,Quantity,Description/Value,Digi-Key Part Number,Mouser Part Number,Purchase URL,Unit Cost
neelay.junnarkar@berkeley.edu,U1,1,Microcontroller (STM32F401RET6),497-17429-ND,,https://www.digikey.com/product-detail/en/stmicroelectronics/STM32F401RET6/497-17429-ND/5051337,$7.21
neelay.junnarkar@berkeley.edu,U2,1,Radio IC (RFM69HCW),1568-1391-ND,,https://www.digikey.com/product-detail/en/sparkfun-electronics/COM-13910/1568-1391-ND/6023501,$4.95
neelay.junnarkar@berkeley.edu,D1,1,Reverse Polarity Diode,RB081LAM-20TRCT-ND,,https://www.digikey.com/product-detail/en/rohm-semiconductor/RB081LAM-20TR/RB081LAM-20TRCT-ND/7793358,$0.49
neelay.junnarkar@berkeley.edu,D2,1,SMD Power LED,160-1435-1-ND,,https://www.digikey.com/product-detail/en/lite-on-inc/LTST-C190KGKT/160-1435-1-ND/386814,$0.27
neelay.junnarkar@berkeley.edu,F1,1,Fuse,MF-FSMF050X-2CT-ND,,https://www.digikey.com/product-detail/en/bourns-inc/MF-FSMF050X-2/MF-FSMF050X-2CT-ND/2039389,$0.91
neelay.junnarkar@berkeley.edu,U3,1,Voltage Regulator (LM3940),LM3940IMPX-3.3/NOPBCT-ND,,https://www.digikey.com/product-detail/en/texas-instruments/LM3940IMPX-3.3-NOPB/LM3940IMPX-3.3-NOPBCT-ND/3526977,$1.65
neelay.junnarkar@berkeley.edu,U5,1,USB Micro-B Receptacle,609-4613-1-ND,,https://www.digikey.com/product-detail/en/amphenol-fci/10118192-0001LF/609-4613-1-ND/2785378,$0.45
neelay.junnarkar@berkeley.edu,A1,1,SMA Connector,931-1361-ND,,https://www.digikey.com/product-detail/en/taoglas-limited/PCB.SMAFRA.HT/931-1361-ND/5034736,$3.34
neelay.junnarkar@berkeley.edu,"ProgrammingPort, J5",1,Headers,A26525-20-ND,,https://www.digikey.com/product-detail/en/te-connectivity-amp-connectors/4-103777-0-20/A26525-20-ND/683983,$1.99
neelay.junnarkar@berkeley.edu,J1,1,Terminal Block 3 Pos,ED10562-ND,,https://www.digikey.com/products/en/connectors-interconnects/terminal-blocks-wire-to-board/371?k=&pkeyword=&pv1075=4&sf=0&FV=ffec1a0c&quantity=&ColumnSort=0&page=1&stock=1&pageSize=25,$1.07
neelay.junnarkar@berkeley.edu,"J2, J3, J4",3,Terminal Block 2 Pos,ED10561-ND,,https://www.digikey.com/product-detail/en/on-shore-technology-inc/OSTVN02A150/ED10561-ND/1588862,$0.94
neelay.junnarkar@berkeley.edu,"R4, R5",2,Resistor 100,,,,
neelay.junnarkar@berkeley.edu,"R1, R6",2,Resistor 68,,,,
neelay.junnarkar@berkeley.edu,"R2, R3",2,Resistor 47,,,,
neelay.junnarkar@berkeley.edu,C9,1,Capacitor 1uF,311-1444-1-ND,,https://www.digikey.com/product-detail/en/yageo/CC0603KRX5R7BB105/311-1444-1-ND/2833750,$0.22
neelay.junnarkar@berkeley.edu,C2,1,Capacitor 10uF,490-10474-1-ND,,https://www.digikey.com/product-detail/en/murata-electronics-north-america/GRM188R61A106KE69D/490-10474-1-ND/5026392,$0.26
neelay.junnarkar@berkeley.edu,"C10, C15",2,Capacitor 4.7uF,445-6934-1-ND,,https://www.digikey.com/product-detail/en/tdk-corporation/CGA3E1X5R0J475K080AC/445-6934-1-ND/2672952,$0.29
neelay.junnarkar@berkeley.edu,"C1, C3, C4, C5, C6, C7, C8, C11, C12, C13C17",10,Capacitor 100nF,311-1779-1-ND,,https://www.digikey.com/product-detail/en/yageo/CC0603JRX7R9BB104/311-1779-1-ND/5195681,$0.17
neelay.junnarkar@berkeley.edu,C17,1,Capacitor .47uF,311-4047-1-ND,,https://www.digikey.com/product-detail/en/yageo/CC0603KRX5R9BB474/311-4047-1-ND/8025136,$0.70
neelay.junnarkar@berkeley.edu,C16,1,Capacitor 33uF,445-5986-1-ND,,https://www.digikey.com/product-detail/en/tdk-corporation/C2012X5R0J336M125AC/445-5986-1-ND/2444027,$0.98